OID,Cid,AnimGroup,AnimName,AnimLength,LaunchTimes,ControlTime,RelayTime,LeapTime,CriAnimLength,CriLaunchTimes,CriControlTime,CriRelayTime,CriLeapTime
0,0,NuianFemale,Nu_F_Twohand_Co_Skill_01_01_MO,1.933333,"[0.466667]",0.466667,0.700000,0.000000,1.933333,"[0.466667]",0.000000,0.700000,0.000000
1,1,NuianFemale,Nu_F_Twohand_Co_Skill_02_MO,2.666667,"[0.500000]",0.666667,0.807463,0.000000,2.666667,"[0.500000]",0.666667,0.807463,0.000000
2,2,NuianFemale,Nu_F_Twohand_Co_Skill_04_MO,0.266667,"[0.266567]",0.266567,0.266567,0.000000,0.266667,"[0.266567]",0.000000,0.266567,0.000000
3,3,NuianFemale,Nu_F_Twohand_Co_Skill_03_MO,1.000000,"[0.533333]",0.560483,0.600000,0.000000,1.000000,"[0.533333]",0.560483,0.600000,0.000000
4,4,NuianFemale,Nu_F_Bow_Co_Skill_01_MO,1.266667,"[0.200000]",0.200000,1.100000,0.000000,1.266667,"[0.200000]",0.000000,1.100000,0.000000
5,5,NuianFemale,Nu_F_Bow_Co_Skill_02_MO,1.166667,"[0.385037]",0.537122,0.560135,0.000000,1.166667,"[0.385037]",0.537122,0.560135,0.000000
6,6,NuianFemale,Nu_F_Bow_Co_Skill_03_MO,1.200000,"[0.236302,0.236302,0.236302,0.236302,0.236302]",0.392443,0.600000,0.000000,1.200000,"[0.236302,0.236302,0.236302,0.236302,0.236302]",0.392443,0.600000,0.000000
7,7,NuianFemale,Nu_F_Bow_Co_Skill_04_MO,0.766667,"[0.266667]",0.365073,0.433333,0.000000,0.766667,"[0.266667]",0.365073,0.433333,0.000000
8,8,NuianFemale,Nu_F_Staff_Co_Skill_01_MO,1.433333,"[0.133333]",0.199950,0.552580,0.000000,1.433333,"[0.133333]",0.199950,0.552580,0.000000
9,9,NuianFemale,Nu_F_Staff_Co_Skill_02_MO,1.433333,"[0.300000]",0.433333,0.600000,0.000000,1.433333,"[0.300000]",0.000000,0.600000,0.000000
10,10,NuianFemale,Staff_Co_Skill_03,2.266667,"[0.333333,0.365850]",0.769070,0.769070,0.000000,2.266667,"[0.333333,0.365850]",0.000000,0.769070,0.000000
11,11,NuianFemale,Nu_F_Staff_Co_Skill_04_MO,3.000000,"[1.233333]",1.300000,1.366667,0.000000,3.000000,"[1.233333]",1.300000,1.366667,0.000000
12,12,NuianFemale,Nu_F_Staff_Co_Skill_05_MO,2.066667,"[0.266667]",0.600000,0.724640,0.000000,2.066667,"[0.266667]",0.600000,0.724640,0.000000
13,13,NuianFemale,Nu_F_Staff_Co_Skill_06_MO,2.333333,"[0.090809,0.090809]",0.563669,0.700000,0.000000,2.333333,"[0.090809,0.090809]",0.563669,0.700000,0.000000
14,14,NuianFemale,Nu_F_Staff_Co_Skill_07_MO,4.266667,"[0.133333]",0.333333,0.666667,0.000000,4.266667,"[0.133333]",0.333333,0.666667,0.000000
15,15,NuianFemale,Nu_F_Staff_Co_Skill_08_MO,10.000000,"[0.000000]",10.000000,10.000000,0.000000,10.000000,"[0.000000]",0.000000,10.000000,0.000000
16,16,NuianFemale,armor_skill_01,0.800000,"[0.100000]",0.601103,0.601103,0.100000,0.800000,"[0.100000]",0.000000,0.601103,0.100000
17,17,NuianFemale,buff_armor_skill_03,0.800000,"[0.000100]",0.000100,0.433333,0.000000,0.800000,"[0.000100]",0.000000,0.433333,0.000000
18,18,NuianFemale,common_buff,1.000000,"[0.000100]",0.000100,0.704147,0.000000,1.000000,"[0.000100]",0.000000,0.704147,0.000000
19,19,NuianFemale,fabric_helm_meditation,6.000000,"[0.833333]",0.000000,1.164662,0.000000,6.000000,"[0.833333]",0.000000,1.164662,0.000000
20,20,NuianFemale,fabric_shoes_buff_force,1.000000,"[0.509300]",0.610855,0.757020,0.000000,1.000000,"[0.509300]",0.610855,0.757020,0.000000
21,21,NuianFemale,leather_helm_recovery,6.000000,"[0.187412]",0.000000,0.438937,0.000000,6.000000,"[0.187412]",0.000000,0.438937,0.000000
22,22,NuianFemale,bow_backtumbling,0.800000,"[0.433333]",0.799900,0.600000,0.100000,0.800000,"[0.433333]",0.799900,0.600000,0.100000
23,23,NuianFemale,dagger_basicattack_1,2.000000,"[0.200000]",0.200000,1.100000,0.000000,2.000000,"[0.200000]",0.000000,1.100000,0.000000
24,24,NuianFemale,dagger_basicattack_2,2.000000,"[0.200000]",0.200000,1.100000,0.000000,2.000000,"[0.200000]",0.000000,1.100000,0.000000
25,25,NuianFemale,staff_basicattack_1,1.766667,"[0.200000]",0.200000,1.100000,0.000000,1.766667,"[0.200000]",0.000000,1.100000,0.000000
26,26,NuianFemale,staff_basicattack_2,1.666667,"[0.200000]",0.200000,1.100000,0.000000,1.666667,"[0.200000]",0.000000,1.100000,0.000000
27,27,NuianFemale,bow_basicattack_1,1.833333,"[0.200000]",0.200000,1.100000,0.000000,1.833333,"[0.200000]",0.000000,1.100000,0.000000
28,28,NuianFemale,onehandsword_basicattack_1,2.200000,"[0.200000]",0.200000,1.100000,0.000000,2.200000,"[0.200000]",0.000000,1.100000,0.000000
29,29,NuianFemale,onehandsword_basicattack_2,1.900000,"[0.200000]",0.200000,1.100000,0.000000,1.900000,"[0.200000]",0.000000,1.100000,0.000000
30,30,NuianFemale,twohandsword_basicattack_1,1.833333,"[0.200000]",0.200000,1.100000,0.000000,1.833333,"[0.200000]",0.000000,1.100000,0.000000
31,31,NuianFemale,twohandsword_basicattack_2,1.666667,"[0.200000]",0.200000,1.100000,0.000000,1.666667,"[0.200000]",0.000000,1.100000,0.000000
32,32,NuianFemale,Common_Flash_5T,0.633333,"[0.000000]",0.066667,0.066667,0.000000,0.633333,"[0.000000]",0.000000,0.066667,0.000000
33,33,NuianFemale,bow_basicattack_3,1.766667,"[0.200000]",0.200000,1.100000,0.000000,1.766667,"[0.200000]",0.000000,1.100000,0.000000
34,34,Nakisian_Tanker_B01,Nakisian_Tanker_B01_Co_Buff_01,2.880000,"[1.722322]",0.000000,3.456000,0.000000,2.880000,"[1.722322]",0.000000,3.456000,0.000000
35,35,NuianFemale,twohandsword_basicattack_3,1.933333,"[0.300000]",0.300000,1.400000,0.000000,1.933333,"[0.300000]",0.000000,1.400000,0.000000
36,36,MobGnollThrower,mob_normal_attack_01,1.333333,"[0.637546]",0.000000,1.333333,0.000000,1.333333,"[0.637546]",0.000000,1.333333,0.000000
37,37,MobGnollStalker,mob_normal_attack_01,0.866667,"[0.420033]",0.000000,0.866667,0.000000,0.866667,"[0.420033]",0.000000,0.866667,0.000000
38,38,MobGnollStalker,mob_normal_attack_02,0.766667,"[0.423141]",0.000000,0.766667,0.000000,0.766667,"[0.423141]",0.000000,0.766667,0.000000
39,39,MobGnollStalker,mob_active_skill_01,1.033333,"[0.389065,0.541578]",0.000000,1.033333,0.000000,1.033333,"[0.389065,0.541578]",0.000000,1.033333,0.000000
40,40,MobGnollWarrior,mob_normal_attack_01,1.026667,"[0.412157]",0.000000,1.129333,0.000000,1.026667,"[0.412157]",0.000000,1.129333,0.000000
41,41,MobGnollWarrior,mob_normal_attack_02,1.173333,"[0.425341]",0.000000,1.290667,0.000000,1.173333,"[0.425341]",0.000000,1.290667,0.000000
42,42,MobGnollWarrior,mob_active_skill_01,1.466667,"[0.495136]",0.000000,1.613333,0.000000,1.466667,"[0.495136]",0.000000,1.613333,0.000000
43,43,MobGnollQan,mob_normal_attack_01,3.600000,"[1.480438]",0.000000,4.320000,0.000000,3.600000,"[1.480438]",0.000000,4.320000,0.000000
44,44,MobGnollQan,mob_normal_attack_02,3.520000,"[1.197048]",0.000000,4.224000,0.000000,3.520000,"[1.197048]",0.000000,4.224000,0.000000
45,45,MobGnollQan,mob_normal_attack_03,3.400000,"[1.148386]",0.000000,4.080000,0.000000,3.400000,"[1.148386]",0.000000,4.080000,0.000000
46,46,MobGnollQan,mob_normal_attack_04,3.320000,"[0.936093]",0.000000,3.984000,0.000000,3.320000,"[0.936093]",0.000000,3.984000,0.000000
47,47,NuianMale,IntroPlayStaffNormalR,1.766667,"[0.200000]",0.200000,1.100000,0.000000,1.766667,"[0.200000]",0.000000,1.100000,0.000000
48,48,MobDarkwolf,mob_hero_buff_01,4.333333,"[3.008229]",0.000000,4.333333,0.000000,4.333333,"[3.008229]",0.000000,4.333333,0.000000
49,49,MobOrcWarrior,mob_normal_attack_01,2.833333,"[0.638616,1.205750]",0.000000,2.833333,0.000000,2.833333,"[0.638616,1.205750]",0.000000,2.833333,0.000000
50,50,MobOrcWarrior,mob_hero_buff_01,4.366667,"[2.501690]",0.000000,4.366667,0.000000,4.366667,"[2.501690]",0.000000,4.366667,0.000000
51,51,MobOrcWarrior,mob_active_skill_01,2.833333,"[1.020644]",0.000000,2.833333,0.000000,2.833333,"[1.020644]",0.000000,2.833333,0.000000
52,52,MobOrcHunter,mob_normal_attack_01,1.733333,"[0.906066]",0.000000,1.733333,0.000000,1.733333,"[0.906066]",0.000000,1.733333,0.000000
53,53,MobOrcHunter,mob_active_skill_01,1.533333,"[0.605051]",0.000000,1.533333,0.605000,1.533333,"[0.605051]",0.000000,1.533333,0.605000
54,54,MobOrcHunter,mob_active_skill_02,3.466667,"[2.283784]",0.000000,3.466667,0.000000,3.466667,"[2.283784]",0.000000,3.466667,0.000000
55,55,MobOrcShaman,mob_normal_attack_01,1.733333,"[0.562630]",0.000000,1.733333,0.000000,1.733333,"[0.562630]",0.000000,1.733333,0.000000
56,56,MobOrcShaman,mob_active_skill_01,2.000000,"[0.694100]",0.000000,2.000000,0.694000,2.000000,"[0.694100]",0.000000,2.000000,0.694000
57,57,MobOrcShaman,mob_active_skill_02,1.900000,"[0.851259]",0.000000,1.900000,0.000000,1.900000,"[0.851259]",0.000000,1.900000,0.000000
58,58,MobOrcHalberd,mob_normal_attack_01,3.533333,"[1.064689,1.528002]",0.000000,3.533333,0.000000,3.533333,"[1.064689,1.528002]",0.000000,3.533333,0.000000
59,59,NuianFemale,Em_Sit_Full,3.333333,,0.000000,3.333333,0.000000,3.333333,,0.000000,3.333333,0.000000
60,60,MobCrab,mob_normal_attack_01,1.500000,"[0.801490]",0.000000,1.500000,0.000000,1.500000,"[0.801490]",0.000000,1.500000,0.000000
61,61,MobSnapper,mob_normal_attack_01,1.900000,"[0.744439]",0.000000,1.900000,0.000000,1.900000,"[0.744439]",0.000000,1.900000,0.000000
62,62,Malkabaddon,malkabaddon_normal_attack_01,3.533333,"[2.000000]",0.000000,3.533333,0.000000,3.533333,"[2.000000]",0.000000,3.533333,0.000000
63,63,Malkabaddon,malkabaddon_active_skill_01,8.666667,"[3.885534,4.100000,4.300000,4.500000,4.700000,4.900000,5.100000,5.300000,5.500000,5.700000,5.900000,6.100000]",0.000000,8.666667,0.000000,8.666667,"[3.885534,4.100000,4.300000,4.500000,4.700000,4.900000,5.100000,5.300000,5.500000,5.700000,5.900000,6.100000]",0.000000,8.666667,0.000000
64,64,Malkabaddon,malkabaddon_active_skill_02,6.000000,"[1.689704,2.703974,3.767210]",0.000000,6.000000,0.000000,6.000000,"[1.689704,2.703974,3.767210]",0.000000,6.000000,0.000000
65,65,Malkabaddon,malkabaddon_active_skill_03,5.500000,"[2.708908]",0.000000,5.500000,0.000000,5.500000,"[2.708908]",0.000000,5.500000,0.000000
66,66,Malkabaddon,malkabaddon_active_skill_04_01,4.266667,"[0.973067,1.410484,2.524704]",0.000000,4.266667,0.000000,4.266667,"[0.973067,1.410484,2.524704]",0.000000,4.266667,0.000000
67,67,Malkabaddon,malkabaddon_active_skill_04_02,5.500000,"[1.934054,1.934495,1.934936]",0.000000,5.500000,0.000000,5.500000,"[1.934054,1.934495,1.934936]",0.000000,5.500000,0.000000
68,68,Malkabaddon,malkabaddon_active_skill_05_01,3.900000,"[1.686144]",0.000000,3.900000,0.000000,3.900000,"[1.686144]",0.000000,3.900000,0.000000
69,69,Malkabaddon,malkabaddon_active_skill_05_02,3.866667,"[1.006889]",0.000000,3.866667,0.000000,3.866667,"[1.006889]",0.000000,3.866667,0.000000
70,70,Malkabaddon,malkabaddon_active_skill_06,5.033333,"[2.215515,2.755369]",0.000000,5.033333,0.000000,5.033333,"[2.215515,2.755369]",0.000000,5.033333,0.000000
71,71,Malkabaddon,malkabaddon_active_skill_07,5.400000,"[2.128851,3.086813,3.750119]",0.000000,5.400000,0.000000,5.400000,"[2.128851,3.086813,3.750119]",0.000000,5.400000,0.000000
72,72,Malkabaddon,malkabaddon_active_skill_08_01,4.033333,"[1.912152]",0.000000,4.033333,0.000000,4.033333,"[1.912152]",0.000000,4.033333,0.000000
73,73,Malkabaddon,malkabaddon_active_skill_08_02,8.100000,"[2.148831,5.510677,6.103913,6.692987]",0.000000,8.100000,0.000000,8.100000,"[2.148831,5.510677,6.103913,6.692987]",0.000000,8.100000,0.000000
74,74,Malkabaddon,malkabaddon_active_skill_09,7.933333,"[3.053066,3.122059,3.344033,3.612251,3.898967,4.157936,4.426154,4.685123,4.944092,5.203062,5.499026,5.739498]",0.000000,7.933333,0.000000,7.933333,"[3.053066,3.122059,3.344033,3.612251,3.898967,4.157936,4.426154,4.685123,4.944092,5.203062,5.499026,5.739498]",0.000000,7.933333,0.000000
75,75,Malkabaddon,malkabaddon_active_skill_10,4.666667,"[1.813530]",0.000000,4.666667,0.000000,4.666667,"[1.813530]",0.000000,4.666667,0.000000
76,76,Malkabaddon,malkabaddon_active_skill_12,8.866667,"[3.631672,3.644415,3.644415,5.887546]",0.000000,8.866667,3.635468,8.866667,"[3.631672,3.644415,3.644415,5.887546]",0.000000,8.866667,3.635468
77,77,Malkabaddon,malkabaddon_active_skill_13,7.033333,"[3.667157]",0.000000,7.033333,3.635468,7.033333,"[3.667157]",0.000000,7.033333,3.635468
78,78,Malkabaddon,malkabaddon_active_skill_14,3.633333,"[2.101906]",0.000000,3.633333,0.000000,3.633333,"[2.101906]",0.000000,3.633333,0.000000
79,79,Malkabaddon,malkabaddon_active_skill_15,3.266667,"[0.946378]",0.000000,3.266667,2.853014,3.266667,"[0.946378]",0.000000,3.266667,2.853014
80,80,Malkabaddon,malkabaddon_buff_01,5.866667,"[5.506634]",0.000000,5.866667,0.000000,5.866667,"[5.506634]",0.000000,5.866667,0.000000
81,81,Malkabaddon,malkabaddon_buff_02,3.333333,"[2.837055]",0.000000,3.333333,0.000000,3.333333,"[2.837055]",0.000000,3.333333,0.000000
82,82,MobSkeletonBow,mob_normal_attack_01,2.000000,"[1.003903]",0.000000,2.000000,0.000000,2.000000,"[1.003903]",0.000000,2.000000,0.000000
83,83,MobSkeletonSpear,mob_normal_attack_01,3.666667,"[1.339559]",0.000000,3.666667,0.000000,3.666667,"[1.339559]",0.000000,3.666667,0.000000
84,84,MobSkeletonStaff,mob_normal_attack_01,3.833333,"[0.928970]",0.000000,3.833333,0.000000,3.833333,"[0.928970]",0.000000,3.833333,0.000000
85,85,MobSkeletonWarrior,mob_normal_attack_01,2.666667,"[1.351441]",0.000000,2.666667,0.000000,2.666667,"[1.351441]",0.000000,2.666667,0.000000
86,86,MobDobabianFighter,mob_normal_attack_01,2.933333,"[0.640112,1.221025]",0.000000,2.933333,0.000000,2.933333,"[0.640112,1.221025]",0.000000,2.933333,0.000000
87,87,MobDobabianShaman,mob_normal_attack_01,1.333333,"[0.572638]",0.000000,1.333333,0.000000,1.333333,"[0.572638]",0.000000,1.333333,0.000000
88,88,MobDobabianWarrior,mob_normal_attack_01,2.666667,"[0.910098]",0.000000,2.666667,0.000000,2.666667,"[0.910098]",0.000000,2.666667,0.000000
89,89,MobDobabianCommander,mob_normal_attack_01,1.666667,"[0.442618]",0.000000,1.666667,0.000000,1.666667,"[0.442618]",0.000000,1.666667,0.000000
90,90,Mount,horse_jump_01,0.861117,"[0.000100]",0.833333,0.833333,0.000100,0.861117,"[0.000100]",0.000000,0.833333,0.000100
91,91,MobOgreClub,mob_normal_attack_01,2.833333,"[0.921259]",0.000000,2.833333,0.000000,2.833333,"[0.921259]",0.000000,2.833333,0.000000
92,92,MobOgreAxe,mob_normal_attack_01,2.833333,"[0.921259]",0.000000,2.833333,0.000000,2.833333,"[0.921259]",0.000000,2.833333,0.000000
93,93,MobOgreGreatsword,mob_normal_attack_01,2.833333,"[0.921259]",0.000000,2.833333,0.000000,2.833333,"[0.921259]",0.000000,2.833333,0.000000
94,94,MobPhantomBow,mob_normal_attack_01,3.033333,"[0.413809,0.944356,1.882067]",0.000000,3.033333,0.000000,3.033333,"[0.413809,0.944356,1.882067]",0.000000,3.033333,0.000000
95,95,MobPhantomGreatSword,mob_normal_attack_01,2.700000,"[0.911972]",0.000000,2.700000,0.000000,2.700000,"[0.911972]",0.000000,2.700000,0.000000
96,96,MobPhantomSpear,mob_normal_attack_01,3.033333,"[0.617391,1.339182]",0.000000,3.033333,0.196874,3.033333,"[0.617391,1.339182]",0.000000,3.033333,0.196874
97,97,MobPhantomSword,mob_normal_attack_01,2.200000,"[0.796780]",0.000000,2.200000,0.000000,2.200000,"[0.796780]",0.000000,2.200000,0.000000
98,98,MobPhantomTwinAxe,mob_normal_attack_01,2.466667,"[0.582324,0.998710]",0.000000,2.466667,0.000000,2.466667,"[0.582324,0.998710]",0.000000,2.466667,0.000000
99,99,MobPhantomBoss,mob_normal_attack_01,3.566667,"[1.002202]",0.000000,3.566667,0.000000,3.566667,"[1.002202]",0.000000,3.566667,0.000000
100,100,Mount,horse_active_skill_01,2.766667,"[2.063969,2.065137,2.299964]",2.299964,2.766667,2.069955,2.766667,"[2.063969,2.065137,2.299964]",0.000000,2.766667,2.069955
101,101,Malkabaddon,malkabaddon_normal_attack_02,3.533333,"[2.000000]",0.000000,3.533333,0.000000,3.533333,"[2.000000]",0.000000,3.533333,0.000000
102,102,MobDarkwolf,mob_normal_attack_01,1.000000,"[0.206004]",0.000000,0.811095,0.000000,1.000000,"[0.206004]",0.000000,0.811095,0.000000
103,103,MobOrcShaman,mob_active_skill_03,1.733333,"[0.562630]",0.000000,1.733333,0.000000,1.733333,"[0.562630]",0.000000,1.733333,0.000000
104,104,MobSkeletonStaff,mob_debuff_01,4.166667,"[1.610630]",0.000000,4.166667,0.000000,4.166667,"[1.610630]",0.000000,4.166667,0.000000
105,105,MobSkeletonBow,mob_buff_01,1.100000,"[0.456328]",0.000000,1.100000,0.000000,1.100000,"[0.456328]",0.000000,1.100000,0.000000
106,106,MobGnollQan,mob_active_skill_01,5.333333,"[1.607086,3.522331]",0.000000,5.333333,2.377894,5.333333,"[1.607086,3.522331]",0.000000,5.333333,2.377894
107,107,MobGnollQan,mob_active_skill_02,4.000000,"[0.507958,1.205314,2.367574]",0.000000,4.000000,0.000000,4.000000,"[0.507958,1.205314,2.367574]",0.000000,4.000000,0.000000
108,108,MobGnollQan,mob_active_skill_03,11.833333,"[3.459920,4.641301,5.840314,7.268551,9.155234]",0.000000,11.833333,7.549964,11.833333,"[3.459920,4.641301,5.840314,7.268551,9.155234]",0.000000,11.833333,7.549964
109,109,MobGnollQan,mob_active_skill_04,7.700000,"[5.506568]",0.000000,7.700000,0.000000,7.700000,"[5.506568]",0.000000,7.700000,0.000000
110,110,MobOgreClub,mob_active_skill_05,3.033333,"[1.215719]",0.000000,3.033333,1.216269,3.033333,"[1.215719]",0.000000,3.033333,1.216269
111,111,MobOgreClub,mob_anti_kite_01,2.216667,"[0.884922]",0.000000,1.551667,0.331432,2.216667,"[0.884922]",0.000000,1.551667,0.331432
112,112,MobPhantomBow,mob_drink_01,2.166667,"[1.510826]",0.000000,2.166667,0.000000,2.166667,"[1.510826]",0.000000,2.166667,0.000000
113,113,Nakisian_Tanker_B01,Nakisian_Tanker_B01_Co_Buff_02,4.160000,"[2.049647]",0.000000,4.992001,2.054200,4.160000,"[2.049647]",0.000000,4.992001,2.054200
114,114,Nakisian_Tanker_B01,Nakisian_Tanker_B01_Co_Buff_03,5.760000,"[3.651037]",0.000000,6.912001,1.132802,5.760000,"[3.651037]",0.000000,6.912001,1.132802
115,115,Nakisian_Tanker_B01,Nakisian_Tanker_B01_Co_Buff_04,7.240000,"[4.667751]",0.000000,8.688001,0.000000,7.240000,"[4.667751]",0.000000,8.688001,0.000000
116,116,Nakisian_Tanker_B01,Nakisian_Tanker_B01_Co_Buff_05,10.366667,"[0.000100,5.673172]",0.000000,10.366667,0.000000,10.366667,"[0.000100,5.673172]",0.000000,10.366667,0.000000
117,117,Nakisian_Tanker_B01,Nakisian_Tanker_B01_Co_Skill_01,2.816667,"[0.829869,1.300974]",0.000000,3.661666,0.000000,2.816667,"[0.829869,1.300974]",0.000000,3.661666,0.000000
118,118,Nakisian_Tanker_B01,Nakisian_Tanker_B01_Co_Skill_02,2.916667,"[1.216333]",0.000000,3.645833,0.000000,2.916667,"[1.216333]",0.000000,3.645833,0.000000
119,119,Nakisian_Tanker_B01,Nakisian_Tanker_B01_Co_Skill_03,2.375000,"[0.987199]",0.000000,2.968750,0.000000,2.375000,"[0.987199]",0.000000,2.968750,0.000000
120,120,Nakisian_Tanker_B01,Nakisian_Tanker_B01_Co_Skill_04,2.340000,"[1.264986]",0.000000,3.042000,0.000000,2.340000,"[1.264986]",0.000000,3.042000,0.000000
121,121,Nakisian_Tanker_B01,Nakisian_Tanker_B01_Co_Skill_05,3.000000,"[1.216333]",0.000000,3.750000,0.702367,3.000000,"[1.216333]",0.000000,3.750000,0.702367
122,122,Nakisian_Tanker_B01,Nakisian_Tanker_B01_Co_Skill_06,4.166667,"[0.973067]",0.000000,4.166667,0.000000,4.166667,"[0.973067]",0.000000,4.166667,0.000000
123,123,Nakisian_Tanker_B01,Nakisian_Tanker_B01_Co_Skill_07,5.416667,"[0.962911,1.412492,1.614228,1.994642,2.300127]",0.000000,6.770834,0.000000,5.416667,"[0.962911,1.412492,1.614228,1.994642,2.300127]",0.000000,6.770834,0.000000
124,124,Nakisian_Tanker_B01,Nakisian_Tanker_B01_Co_Skill_08,2.338333,"[1.456745]",0.000000,2.689083,0.000000,2.338333,"[1.456745]",0.000000,2.689083,0.000000
125,125,Nakisian_Tanker_B01,Nakisian_Tanker_B01_Co_Skill_09,6.196667,"[1.536771,2.103845,2.585199,2.908299,3.640220,4.193195]",0.000000,8.055666,0.000000,6.196667,"[1.536771,2.103845,2.585199,2.908299,3.640220,4.193195]",0.000000,8.055666,0.000000
126,126,Nakisian_Tanker_B01,Nakisian_Tanker_B01_Co_Skill_10,4.041667,"[1.216333,1.767855,2.361355]",0.000000,5.052083,0.000000,4.041667,"[1.216333,1.767855,2.361355]",0.000000,5.052083,0.000000
127,127,Nakisian_Tanker_B01,Nakisian_Tanker_B01_Co_Skill_11,4.983333,"[1.792634]",0.000000,6.478333,0.000000,4.983333,"[1.792634]",0.000000,6.478333,0.000000
128,128,Nakisian_Tanker_B01,Nakisian_Tanker_B01_Co_Skill_12,4.125000,"[2.309570]",0.000000,5.156250,0.000000,4.125000,"[2.309570]",0.000000,5.156250,0.000000
129,129,MobCrab,mob_active_skill_01,1.766667,"[0.738299]",0.000000,1.766667,0.000000,1.766667,"[0.738299]",0.000000,1.766667,0.000000
130,130,MobCrab,mob_normal_attack_02,1.500000,"[0.956100]",0.000000,1.500000,0.000000,1.500000,"[0.956100]",0.000000,1.500000,0.000000
131,131,MobDobabianCommander,mob_active_skill_01,4.000000,"[1.335619,2.426347]",0.000000,4.000000,0.000000,4.000000,"[1.335619,2.426347]",0.000000,4.000000,0.000000
132,132,MobDobabianCommander,mob_active_skill_02,3.500000,"[1.665324]",0.000000,3.500000,0.000000,3.500000,"[1.665324]",0.000000,3.500000,0.000000
133,133,MobDobabianCommander,mob_active_skill_03,3.400000,"[1.284064,1.758507,2.370138]",0.000000,3.400000,0.000000,3.400000,"[1.284064,1.758507,2.370138]",0.000000,3.400000,0.000000
134,134,MobDobabianCommander,mob_debuff_01,3.600000,"[1.718904]",0.000000,3.600000,0.000000,3.600000,"[1.718904]",0.000000,3.600000,0.000000
135,135,MobDobabianFighter,mob_active_skill_01,3.600000,"[0.658281,1.086044,1.628822,1.658113]",0.000000,4.320000,0.000000,3.600000,"[0.658281,1.086044,1.628822,1.658113]",0.000000,4.320000,0.000000
136,136,MobDobabianFighter,mob_normal_attack_02,2.666667,"[0.930741,0.930741]",0.000000,2.666667,0.000000,2.666667,"[0.930741,0.930741]",0.000000,2.666667,0.000000
137,137,MobDobabianShaman,mob_active_skill_01,2.433333,"[0.926843]",0.000000,2.433333,0.000000,2.433333,"[0.926843]",0.000000,2.433333,0.000000
138,138,MobDobabianShaman,mob_debuff_01,2.000000,"[0.512826]",0.000000,2.000000,0.000000,2.000000,"[0.512826]",0.000000,2.000000,0.000000
139,139,MobDobabianWarrior,mob_active_skill_01,2.500000,"[0.858152]",0.000000,2.500000,0.000000,2.500000,"[0.858152]",0.000000,2.500000,0.000000
140,140,MobDobabianWarrior,mob_active_skill_02,2.666667,"[0.634730]",0.000000,2.666667,0.000000,2.666667,"[0.634730]",0.000000,2.666667,0.000000
141,141,MobDobabianWarrior,mob_buff_01,1.300000,"[0.191737]",0.000000,1.300000,0.000000,1.300000,"[0.191737]",0.000000,1.300000,0.000000
142,142,MobDobabianWarrior,mob_normal_attack_02,2.333333,"[0.958060]",0.000000,2.333333,0.000000,2.333333,"[0.958060]",0.000000,2.333333,0.000000
143,143,MobOgreAxe,mob_active_skill_01,4.133333,"[0.875012,1.773822]",0.000000,4.133333,0.000000,4.133333,"[0.875012,1.773822]",0.000000,4.133333,0.000000
144,144,MobOgreAxe,mob_active_skill_02,5.333333,"[2.633378]",0.000000,5.333333,0.000000,5.333333,"[2.633378]",0.000000,5.333333,0.000000
145,145,MobOgreAxe,mob_active_skill_03,4.166667,"[2.073478]",0.000000,4.166667,0.000000,4.166667,"[2.073478]",0.000000,4.166667,0.000000
146,146,MobOgreAxe,mob_active_skill_04,4.066667,"[0.976244,1.834925]",0.000000,4.066667,1.102339,4.066667,"[0.976244,1.834925]",0.000000,4.066667,1.102339
147,147,MobOgreAxe,mob_active_skill_05,3.033333,"[1.215719]",0.000000,3.033333,1.216269,3.033333,"[1.215719]",0.000000,3.033333,1.216269
148,148,MobOgreAxe,mob_anti_kite_01,2.216667,"[0.884922]",0.000000,1.551667,0.331432,2.216667,"[0.884922]",0.000000,1.551667,0.331432
149,149,MobOgreAxe,mob_normal_attack_02,3.600000,"[0.807489]",0.000000,3.600000,0.000000,3.600000,"[0.807489]",0.000000,3.600000,0.000000
150,150,MobOgreClub,mob_active_skill_01,3.666667,"[1.660225]",0.000000,3.666667,1.092350,3.666667,"[1.660225]",0.000000,3.666667,1.092350
151,151,MobOgreClub,mob_active_skill_02,4.333333,"[0.849073,2.119135]",0.000000,4.333333,0.984185,4.333333,"[0.849073,2.119135]",0.000000,4.333333,0.984185
152,152,MobOgreClub,mob_active_skill_03,3.166667,"[1.264174]",0.000000,3.166667,0.473475,3.166667,"[1.264174]",0.000000,3.166667,0.473475
153,153,MobOgreClub,mob_active_skill_04,3.133333,"[0.846002,1.838415]",0.000000,3.133333,1.375081,3.133333,"[0.846002,1.838415]",0.000000,3.133333,1.375081
154,154,MobOgreClub,mob_normal_attack_02,3.600000,"[0.807489]",0.000000,3.600000,0.000000,3.600000,"[0.807489]",0.000000,3.600000,0.000000
155,155,MobOgreGreatsword,mob_active_skill_01,3.833333,"[1.119563]",0.000000,3.833333,0.000000,3.833333,"[1.119563]",0.000000,3.833333,0.000000
156,156,MobOgreGreatsword,mob_active_skill_02,3.333333,"[0.826879]",0.000000,3.333333,0.000000,3.333333,"[0.826879]",0.000000,3.333333,0.000000
157,157,MobOgreGreatsword,mob_active_skill_03,3.833333,"[0.968553,1.771924]",0.000000,3.833333,0.261038,3.833333,"[0.968553,1.771924]",0.000000,3.833333,0.261038
158,158,MobOgreGreatsword,mob_active_skill_05,3.033333,"[1.215719]",0.000000,3.033333,1.216269,3.033333,"[1.215719]",0.000000,3.033333,1.216269
159,159,MobOgreGreatsword,mob_anti_kite_01,2.216667,"[0.884922]",0.000000,1.551667,0.331432,2.216667,"[0.884922]",0.000000,1.551667,0.331432
160,160,MobOgreGreatsword,mob_normal_attack_02,3.600000,"[0.807489]",0.000000,3.600000,0.000000,3.600000,"[0.807489]",0.000000,3.600000,0.000000
161,161,MobOrcHalberd,mob_active_skill_01,7.300000,"[0.905814,2.023943,3.453857,5.550349]",0.000000,7.300000,0.000000,7.300000,"[0.905814,2.023943,3.453857,5.550349]",0.000000,7.300000,0.000000
162,162,MobOrcHalberd,mob_active_skill_02,6.666667,"[1.082505,2.633821,4.391325,4.754608,5.166983]",0.000000,6.666667,0.000000,6.666667,"[1.082505,2.633821,4.391325,4.754608,5.166983]",0.000000,6.666667,0.000000
163,163,MobOrcHalberd,mob_hero_buff_01,4.366667,"[2.501690]",0.000000,4.366667,0.000000,4.366667,"[2.501690]",0.000000,4.366667,0.000000
164,164,MobOrcHalberd,mob_normal_attack_02,2.666667,"[0.902881]",0.000000,2.666667,0.000000,2.666667,"[0.902881]",0.000000,2.666667,0.000000
165,165,MobOrcHalberd,mob_normal_attack_03,3.666667,"[0.831690,2.011832]",0.000000,3.666667,0.000000,3.666667,"[0.831690,2.011832]",0.000000,3.666667,0.000000
166,166,MobOrcHalberd,mob_normal_attack_04,4.400000,"[0.699983,2.127883]",0.000000,4.840000,0.000000,4.400000,"[0.699983,2.127883]",0.000000,4.840000,0.000000
167,167,MobOrcShieldaxe,mob_active_skill_01,2.900000,"[0.802798]",0.000000,2.900000,0.000000,2.900000,"[0.802798]",0.000000,2.900000,0.000000
168,168,MobOrcShieldaxe,mob_normal_attack_01,2.833333,"[0.638616,1.205750]",0.000000,2.833333,0.000000,2.833333,"[0.638616,1.205750]",0.000000,2.833333,0.000000
169,169,MobPhantomBoss,mob_active_skill_01,3.700000,"[1.324120]",0.000000,3.700000,1.368429,3.700000,"[1.324120]",0.000000,3.700000,1.368429
170,170,MobPhantomBoss,mob_active_skill_02,4.433333,"[1.141741]",0.000000,4.433333,1.201730,4.433333,"[1.141741]",0.000000,4.433333,1.201730
171,171,MobPhantomBoss,mob_active_skill_03,4.833333,"[0.850709,2.607353]",0.000000,4.833333,1.414799,4.833333,"[0.850709,2.607353]",0.000000,4.833333,1.414799
172,172,MobPhantomBoss,mob_active_skill_04,5.666667,"[1.926614,3.122089]",0.000000,5.666667,3.038927,5.666667,"[1.926614,3.122089]",0.000000,5.666667,3.038927
173,173,MobPhantomBoss,mob_active_skill_05,4.200000,"[2.849113]",0.000000,4.200000,2.820698,4.200000,"[2.849113]",0.000000,4.200000,2.820698
174,174,MobPhantomBoss,mob_buff_01,4.566667,"[2.418061]",0.000000,4.566667,0.000000,4.566667,"[2.418061]",0.000000,4.566667,0.000000
175,175,MobPhantomBoss,mob_normal_attack_02,3.233333,"[0.908543]",0.000000,3.233333,0.000000,3.233333,"[0.908543]",0.000000,3.233333,0.000000
176,176,MobPhantomBoss,mob_normal_attack_03,3.200000,"[1.173791]",0.000000,3.200000,0.000000,3.200000,"[1.173791]",0.000000,3.200000,0.000000
177,177,MobPhantomBow,mob_active_skill_01,2.533333,"[0.711408]",0.000000,2.533333,0.000000,2.533333,"[0.711408]",0.000000,2.533333,0.000000
178,178,MobPhantomBow,mob_active_skill_02,3.800000,"[2.241831]",0.000000,3.800000,0.000000,3.800000,"[2.241831]",0.000000,3.800000,0.000000
179,179,MobPhantomGreatSword,mob_active_skill_01,4.833333,"[1.347471]",0.000000,4.833333,0.000000,4.833333,"[1.347471]",0.000000,4.833333,0.000000
180,180,MobPhantomGreatSword,mob_active_skill_02,2.833333,"[0.553634]",0.000000,2.833333,0.000000,2.833333,"[0.553634]",0.000000,2.833333,0.000000
181,181,MobPhantomGreatSword,mob_drink_01,2.166667,"[1.510826]",0.000000,2.166667,0.000000,2.166667,"[1.510826]",0.000000,2.166667,0.000000
182,182,MobPhantomGreatSword,mob_normal_attack_02,3.333333,"[0.637776]",0.000000,3.333333,0.000000,3.333333,"[0.637776]",0.000000,3.333333,0.000000
183,183,MobPhantomSpear,mob_active_skill_01,3.100000,"[1.160558]",0.000000,3.100000,0.000000,3.100000,"[1.160558]",0.000000,3.100000,0.000000
184,184,MobPhantomSpear,mob_active_skill_02,4.600000,"[0.745834,1.422206,2.910261]",0.000000,4.600000,1.159766,4.600000,"[0.745834,1.422206,2.910261]",0.000000,4.600000,1.159766
185,185,MobPhantomSpear,mob_drink_01,2.166667,"[1.510826]",0.000000,2.166667,0.000000,2.166667,"[1.510826]",0.000000,2.166667,0.000000
186,186,MobPhantomSword,mob_active_skill_01,3.133333,"[0.950004]",0.000000,3.133333,0.204890,3.133333,"[0.950004]",0.000000,3.133333,0.204890
187,187,MobPhantomSword,mob_active_skill_02,3.166667,"[0.367598,0.799101,1.617027]",0.000000,3.166667,0.309908,3.166667,"[0.367598,0.799101,1.617027]",0.000000,3.166667,0.309908
188,188,MobPhantomSword,mob_drink_01,2.166667,"[1.510826]",0.000000,2.166667,0.000000,2.166667,"[1.510826]",0.000000,2.166667,0.000000
189,189,MobPhantomSword,mob_normal_attack_02,2.466667,"[0.782992]",0.000000,2.466667,0.000000,2.466667,"[0.782992]",0.000000,2.466667,0.000000
190,190,MobPhantomTwinAxe,mob_active_skill_01,2.166667,"[0.815554]",0.000000,2.166667,0.000000,2.166667,"[0.815554]",0.000000,2.166667,0.000000
191,191,MobPhantomTwinAxe,mob_active_skill_02,2.500000,"[0.732559,0.915601]",0.000000,2.500000,0.000000,2.500000,"[0.732559,0.915601]",0.000000,2.500000,0.000000
192,192,MobPhantomTwinAxe,mob_drink_01,2.166667,"[1.510826]",0.000000,2.166667,0.000000,2.166667,"[1.510826]",0.000000,2.166667,0.000000
193,193,MobPhantomTwinAxe,mob_normal_attack_02,2.700000,"[1.071218]",0.000000,2.700000,0.000000,2.700000,"[1.071218]",0.000000,2.700000,0.000000
194,194,MobSkeletonBow,mob_active_skill_01,2.600000,"[1.530961]",0.000000,2.600000,1.541866,2.600000,"[1.530961]",0.000000,2.600000,1.541866
195,195,MobSkeletonBow,mob_active_skill_02,3.000000,"[2.008395]",0.000000,3.000000,0.000000,3.000000,"[2.008395]",0.000000,3.000000,0.000000
196,196,MobSkeletonSpear,mob_active_skill_01,3.833333,"[1.720367]",0.000000,3.833333,0.000000,3.833333,"[1.720367]",0.000000,3.833333,0.000000
197,197,MobSkeletonSpear,mob_active_skill_02,3.833333,"[1.871561]",0.000000,3.833333,0.000000,3.833333,"[1.871561]",0.000000,3.833333,0.000000
198,198,MobSkeletonSpear,mob_normal_attack_02,3.833333,"[1.432977]",0.000000,3.833333,0.000000,3.833333,"[1.432977]",0.000000,3.833333,0.000000
199,199,MobSkeletonStaff,mob_active_skill_01,4.666667,"[1.302210]",0.000000,4.666667,1.329550,4.666667,"[1.302210]",0.000000,4.666667,1.329550
200,200,MobSkeletonStaff,mob_active_skill_02,4.960000,"[1.741889]",0.000000,5.952000,0.000000,4.960000,"[1.741889]",0.000000,5.952000,0.000000
201,201,MobSkeletonWarrior,mob_active_skill_01,3.066667,"[1.920663]",0.000000,3.066667,0.000000,3.066667,"[1.920663]",0.000000,3.066667,0.000000
202,202,MobSkeletonWarrior,mob_active_skill_02,3.700000,"[0.922559,1.461648,2.314770]",0.000000,3.700000,0.000000,3.700000,"[0.922559,1.461648,2.314770]",0.000000,3.700000,0.000000
203,203,MobSkeletonWarrior,mob_debuff_01,1.430000,"[0.593227]",0.000000,1.859000,0.000000,1.430000,"[0.593227]",0.000000,1.859000,0.000000
204,204,MobSkeletonWarrior,mob_normal_attack_02,2.500000,"[1.245758]",0.000000,2.500000,0.000000,2.500000,"[1.245758]",0.000000,2.500000,0.000000
205,205,MobSnapper,mob_active_skill_01,2.000000,"[1.125702]",0.000000,2.000000,0.000000,2.000000,"[1.125702]",0.000000,2.000000,0.000000
206,206,TotemBoom01,totem_active_skill_01,5.000000,"[5.000000]",0.000000,5.000000,0.000000,5.000000,"[5.000000]",0.000000,5.000000,0.000000
207,207,NuianFemale,leather_shoes_dodge,1.000000,"[0.000000]",0.465399,0.465399,0.000100,1.000000,"[0.000000]",0.000000,0.465399,0.000100
208,208,NuianFemale,bow_basicattack_2,1.666667,"[0.200000]",0.200000,1.100000,0.000000,1.666667,"[0.200000]",0.000000,1.100000,0.000000
209,209,NuianFemale,common_flash,0.633333,"[0.000000]",0.066667,0.066667,0.000000,0.633333,"[0.000000]",0.000000,0.066667,0.000000
210,210,NuianFemale,FistNormalL,1.400000,"[0.259731]",0.259731,0.550667,0.000000,1.400000,"[0.259731]",0.000000,0.550667,0.000000
211,211,NuianFemale,FistNormalL,1.400000,"[0.259731]",0.259731,0.550667,0.000000,1.400000,"[0.259731]",0.000000,0.550667,0.000000
212,212,NuianFemale,Nu_F_Bow_Co_Skill_10_MO,2.000000,"[0.482451]",0.984738,0.984738,0.000000,2.000000,"[0.482451]",0.000000,0.984738,0.000000
213,213,NuianFemale,Nu_F_Bow_Co_Skill_11_MO,2.000000,"[0.396388]",0.447414,0.447414,0.401904,2.000000,"[0.396388]",0.000000,0.447414,0.401904
214,214,NuianFemale,Nu_F_Bow_Co_Skill_13_MO,1.433333,"[0.313746]",0.493325,0.493325,0.257815,1.433333,"[0.313746]",0.000000,0.493325,0.257815
215,215,NuianFemale,Nu_F_Twohand_Co_Skill_05_MO,2.466667,"[0.300342]",0.510000,0.623086,0.000000,2.466667,"[0.300342]",0.510000,0.623086,0.000000
216,216,NuianFemale,Nu_F_Twohand_Co_Skill_07_MO,1.700000,"[0.126572,0.228498,0.434518]",0.482228,0.592828,0.000000,1.700000,"[0.126572,0.228498,0.434518]",0.482228,0.592828,0.000000
217,217,NuianFemale,Nu_F_Twohand_Co_Skill_08_MO,1.000000,"[0.100000]",0.304074,0.304074,0.000000,1.000000,"[0.100000]",0.000000,0.304074,0.000000
218,218,NuianFemale,Nu_F_Twohand_Co_Skill_06_MO,1.000000,"[0.100000]",0.304074,0.304074,0.000000,1.000000,"[0.100000]",0.000000,0.304074,0.000000
219,219,NuianFemale,Nu_F_Bow_Co_Skill_12_MO,1.000000,"[0.266667]",0.365073,0.433333,0.000000,1.000000,"[0.266667]",0.365073,0.433333,0.000000
220,220,NuianFemale,LaunchZero,1.000000,"[0.000000]",0.000000,1.000000,0.000000,1.000000,"[0.000000]",0.000000,1.000000,0.000000
221,221,MobBloodhandSword,mob_normal_attack_01,1.333333,"[0.986906]",0.000000,1.333333,0.000000,1.333333,"[0.986906]",0.000000,1.333333,0.000000
222,222,MobBloodhandSword,mob_normal_attack_02,1.333333,"[1.039794]",0.000000,1.333333,0.000000,1.333333,"[1.039794]",0.000000,1.333333,0.000000
223,223,MobBloodhandSword,mob_active_skill_01,1.666667,"[0.643734]",0.000000,1.666667,0.000000,1.666667,"[0.643734]",0.000000,1.666667,0.000000
224,224,MobBloodhandBow,mob_normal_attack_01,1.000000,"[0.462521]",0.000000,1.000000,0.000000,1.000000,"[0.462521]",0.000000,1.000000,0.000000
225,225,MobBloodhandBow,mob_active_skill_01,2.000000,"[0.641932,0.889959,1.308504]",0.000000,2.000000,0.000000,2.000000,"[0.641932,0.889959,1.308504]",0.000000,2.000000,0.000000
226,226,MobBloodhandStaff,mob_normal_attack_01,1.733333,"[0.405139]",0.000000,1.733333,0.000000,1.733333,"[0.405139]",0.000000,1.733333,0.000000
227,227,MobBloodhandStaff,mob_active_skill_01,1.466667,"[0.407621]",0.000000,1.466667,0.000000,1.466667,"[0.407621]",0.000000,1.466667,0.000000
228,228,MobBloodhandDagger,mob_normal_attack_01,1.500000,"[0.751759]",0.000000,1.500000,0.000000,1.500000,"[0.751759]",0.000000,1.500000,0.000000
229,229,MobBloodhandDagger,mob_normal_attack_02,1.500000,"[0.728507]",0.000000,1.500000,0.000000,1.500000,"[0.728507]",0.000000,1.500000,0.000000
230,230,MobBloodhandDagger,mob_active_skill_01,1.666667,"[0.803922]",0.000000,1.666667,0.180478,1.666667,"[0.803922]",0.000000,1.666667,0.180478
231,231,MobBloodhandStrong,mob_normal_attack_01,3.500000,"[1.496390]",0.000000,3.500000,0.000000,3.500000,"[1.496390]",0.000000,3.500000,0.000000
232,232,MobBloodhandStrong,mob_normal_attack_02,3.200000,"[1.430135]",0.000000,3.200000,0.000000,3.200000,"[1.430135]",0.000000,3.200000,0.000000
233,233,MobBloodhandStrong,mob_active_skill_01,3.500000,"[1.706632]",0.000000,3.500000,0.000000,3.500000,"[1.706632]",0.000000,3.500000,0.000000
234,234,MobBloodhandStrong,mob_active_skill_02,3.366667,"[0.926253,1.399298]",0.000000,3.366667,0.000000,3.366667,"[0.926253,1.399298]",0.000000,3.366667,0.000000
235,235,MobBloodhandStrong,mob_buff_01,0.900000,"[0.348990]",0.000000,0.900000,0.000000,0.900000,"[0.348990]",0.000000,0.900000,0.000000
236,236,MobBloodhandCommander,mob_normal_attack_01,1.733333,"[0.438787]",0.000000,1.733333,0.000000,1.733333,"[0.438787]",0.000000,1.733333,0.000000
237,237,MobBloodhandCommander,mob_active_skill_01,4.166667,"[1.910597,2.265844,2.677607]",0.000000,4.166667,0.000000,4.166667,"[1.910597,2.265844,2.677607]",0.000000,4.166667,0.000000
238,238,MobBloodhandCommander,mob_active_skill_02,1.466667,"[0.407621]",0.000000,1.466667,0.000000,1.466667,"[0.407621]",0.000000,1.466667,0.000000
239,239,MobBloodhandCommander,mob_heal_01,4.500000,"[3.223164]",0.000000,4.500000,0.000000,4.500000,"[3.223164]",0.000000,4.500000,0.000000
240,240,NuianFemale,Nu_F_Dagger_Co_Skill_01_MO,1.800000,"[0.200000]",0.200000,1.100000,0.000000,1.800000,"[0.200000]",0.000000,1.100000,0.000000
241,241,NuianFemale,Nu_F_Dagger_Co_Skill_03_MO,1.800000,"[0.069870,0.199893,0.319462,0.419767,0.564437]",0.726468,0.726468,0.000000,1.800000,"[0.069870,0.199893,0.319462,0.419767,0.564437]",0.000000,0.726468,0.000000
242,242,NuianFemale,Nu_F_Dagger_Co_Skill_04_MO,1.400000,"[0.400000]",0.566667,0.566667,0.000000,1.400000,"[0.400000]",0.000000,0.566667,0.000000
243,243,NuianFemale,Nu_F_Dagger_Co_Skill_05_MO,1.533333,"[0.206407]",0.531755,0.531755,0.000000,1.533333,"[0.206407]",0.000000,0.531755,0.000000
244,244,MobWaterSpirit,mob_normal_attack_01,1.666667,"[0.649136]",0.000000,1.666667,0.000000,1.666667,"[0.649136]",0.000000,1.666667,0.000000
245,245,MobWaterSpirit,mob_active_skill_01,1.900000,"[0.798155]",0.000000,1.900000,0.000000,1.900000,"[0.798155]",0.000000,1.900000,0.000000
246,246,MobTreeSpirit,mob_normal_attack_01,1.666667,"[0.646627]",0.000000,1.666667,0.000000,1.666667,"[0.646627]",0.000000,1.666667,0.000000
247,247,MobTreeSpirit,mob_normal_attack_02,1.666667,"[0.700671]",0.000000,1.666667,0.000000,1.666667,"[0.700671]",0.000000,1.666667,0.000000
248,248,MobTreeSpirit,mob_active_skill_01,2.600000,"[0.806397]",0.000000,2.600000,0.000000,2.600000,"[0.806397]",0.000000,2.600000,0.000000
249,249,MobRockSpirit,mob_normal_attack_01,1.500000,"[0.684635]",0.000000,1.500000,0.000000,1.500000,"[0.684635]",0.000000,1.500000,0.000000
250,250,MobRockSpirit,mob_normal_attack_02,1.500000,"[0.662319]",0.000000,1.500000,0.000000,1.500000,"[0.662319]",0.000000,1.500000,0.000000
251,251,MobRockSpirit,mob_active_skill_01,3.333333,"[0.993086,1.335441,2.104121]",0.000000,3.333333,1.006165,3.333333,"[0.993086,1.335441,2.104121]",0.000000,3.333333,1.006165
252,252,MobMossSpirit,mob_normal_attack_01,1.666667,"[0.713077]",0.000000,1.666667,0.000000,1.666667,"[0.713077]",0.000000,1.666667,0.000000
253,253,MobMossSpirit,mob_active_skill_01,2.600000,"[0.842956]",0.000000,2.600000,0.000000,2.600000,"[0.842956]",0.000000,2.600000,0.000000
254,254,MobBloodhandHero,mob_normal_attack_01,3.000000,"[1.527423]",0.000000,3.000000,0.000000,3.000000,"[1.527423]",0.000000,3.000000,0.000000
255,255,MobBloodhandHero,mob_normal_attack_02,2.533333,"[1.021667]",0.000000,2.533333,0.000000,2.533333,"[1.021667]",0.000000,2.533333,0.000000
256,256,MobBloodhandHero,mob_active_skill_01,6.200000,"[2.168819,2.500000,2.500000,2.500000,2.500000,3.000024,3.000024,3.000024,3.000024,3.499707,3.499707,3.499707,3.499707]",0.000000,6.200000,0.000000,6.200000,"[2.168819,2.500000,2.500000,2.500000,2.500000,3.000024,3.000024,3.000024,3.000024,3.499707,3.499707,3.499707,3.499707]",0.000000,6.200000,0.000000
257,257,MobBloodhandHero,mob_active_skill_02,3.333333,"[1.242432]",0.000000,3.333333,0.000000,3.333333,"[1.242432]",0.000000,3.333333,0.000000
258,258,MobBloodhandHero,mob_active_skill_03,2.133333,"[0.995172]",0.000000,2.133333,1.001770,2.133333,"[0.995172]",0.000000,2.133333,1.001770
259,259,MobBloodhandHero,mob_active_skill_04,3.866667,"[1.666667]",0.000000,3.866667,0.000000,3.866667,"[1.666667]",0.000000,3.866667,0.000000
260,260,MobBloodhandHero,mob_buff_01,4.033333,"[0.571200]",0.000000,4.033333,0.000000,4.033333,"[0.571200]",0.000000,4.033333,0.000000
261,261,MobBloodhandHero,mob_heal_01,6.666667,"[1.480467,2.021049,2.518034,3.302749]",0.000000,6.666667,0.000000,6.666667,"[1.480467,2.021049,2.518034,3.302749]",0.000000,6.666667,0.000000
262,262,MobBloodhandBoss,mob_normal_attack_01,3.200000,"[1.000000]",0.000000,3.200000,0.000000,3.200000,"[1.000000]",0.000000,3.200000,0.000000
263,263,MobBloodhandBoss,mob_normal_attack_02,4.000000,"[1.307558]",0.000000,4.000000,0.000000,4.000000,"[1.307558]",0.000000,4.000000,0.000000
264,264,MobBloodhandBoss,mob_active_skill_01,4.400000,"[1.077867]",0.000000,1.489213,0.999901,4.400000,"[1.077867]",0.000000,1.489213,0.999901
265,265,MobBloodhandBoss,mob_active_skill_02,3.633333,"[1.000000,1.500000,2.000000]",0.000000,3.633333,0.000000,3.633333,"[1.000000,1.500000,2.000000]",0.000000,3.633333,0.000000
266,266,MobBloodhandBoss,mob_active_skill_03,3.933333,"[1.466667]",0.000000,3.933333,0.500000,3.933333,"[1.466667]",0.000000,3.933333,0.500000
267,267,MobBloodhandBoss,mob_buff_01,4.566667,"[2.414738]",0.000000,4.566667,0.000000,4.566667,"[2.414738]",0.000000,4.566667,0.000000
268,268,MobBloodhandBoss,mob_heal_01,5.333333,"[2.004199]",0.000000,5.333333,2.064188,5.333333,"[2.004199]",0.000000,5.333333,2.064188
269,269,NuianFemale,Nu_F_Dagger_Co_Skill_06_02_MO,1.433333,"[0.200000]",0.200000,1.100000,0.000000,1.433333,"[0.200000]",0.000000,1.100000,0.000000
270,270,MobCat,mob_normal_attack_01,1.000000,"[0.286920]",0.000000,1.000000,0.000000,1.000000,"[0.286920]",0.000000,1.000000,0.000000
271,271,MobCat,mob_normal_attack_02,1.000000,"[0.291807]",0.000000,1.000000,0.000000,1.000000,"[0.291807]",0.000000,1.000000,0.000000
272,272,MobRabbit,mob_normal_attack_01,1.700000,"[0.389254,0.666487,1.095969]",0.000000,1.700000,0.000000,1.700000,"[0.389254,0.666487,1.095969]",0.000000,1.700000,0.000000
273,273,MobRabbit,mob_normal_attack_02,1.400000,"[0.299977,0.631212]",0.000000,1.400000,0.000000,1.400000,"[0.299977,0.631212]",0.000000,1.400000,0.000000
274,274,MobDeer,mob_normal_attack_01,1.250000,"[0.500000]",0.000000,1.250000,0.000000,1.250000,"[0.500000]",0.000000,1.250000,0.000000
275,275,MobDeer,mob_normal_attack_02,1.666667,"[0.831645]",0.000000,1.666667,0.000000,1.666667,"[0.831645]",0.000000,1.666667,0.000000
276,276,MobFox,mob_normal_attack_01,1.125000,"[0.427523]",0.000000,1.125000,0.000000,1.125000,"[0.427523]",0.000000,1.125000,0.000000
277,277,MobFox,mob_normal_attack_02,1.541667,"[0.614716]",0.000000,1.541667,0.000000,1.541667,"[0.614716]",0.000000,1.541667,0.000000
278,278,MobBoarMale,mob_normal_attack_01,1.041667,"[0.621423]",0.000000,1.041667,0.000000,1.041667,"[0.621423]",0.000000,1.041667,0.000000
279,279,MobBoarMale,mob_normal_attack_02,1.041667,"[0.458513]",0.000000,1.041667,0.000000,1.041667,"[0.458513]",0.000000,1.041667,0.000000
280,280,NuianFemale,Nu_F_Fist_Ac_Drink_MO,2.166667,"[1.248274]",1.573336,1.988951,0.000000,2.166667,"[1.248274]",1.573336,1.988951,0.000000
281,281,MobPhantomTwinAxe,mob_active_skill_03,2.166667,"[0.815554]",0.000000,2.166667,0.000000,2.166667,"[0.815554]",0.000000,2.166667,0.000000
282,282,ObjStalactite,Ojb_buff_01,1.000000,"[0.100000]",0.000000,1.000000,0.000000,1.000000,"[0.100000]",0.000000,1.000000,0.000000
283,283,MobBloodhandHero,mob_active_skill_99,6.200000,"[5.008556,5.008556,5.008556,5.008556]",0.000000,6.200000,0.000000,6.200000,"[5.008556,5.008556,5.008556,5.008556]",0.000000,6.200000,0.000000
284,284,NuianMale,onehandsword_basicattack_1,0.000000,,0.000000,0.000000,0.000000,0.000000,,0.000000,0.000000,0.000000
285,285,NuianMale,onehandsword_basicattack_2,0.000000,,0.000000,0.000000,0.000000,0.000000,,0.000000,0.000000,0.000000
286,286,NuianMale,staff_basicattack_1,0.000000,,0.000000,0.000000,0.000000,0.000000,,0.000000,0.000000,0.000000
287,287,NuianMale,staff_basicattack_2,0.000000,,0.000000,0.000000,0.000000,0.000000,,0.000000,0.000000,0.000000
288,288,NuianFemale,bow_basicattack_4,3.000000,"[0.130574,0.921439,1.680156,2.326351]",2.879314,2.879314,0.000000,3.000000,"[0.130574,0.921439,1.680156,2.326351]",0.000000,2.879314,0.000000
289,289,NuianFemale,Nu_F_Staff_Co_Skill_09_MO,3.000000,"[1.233333]",1.300000,1.366667,0.000000,3.000000,"[1.233333]",1.300000,1.366667,0.000000
290,290,NuianFemale,Nu_F_Twohand_Co_Skill_09_MO,1.700000,"[0.126572]",0.482228,0.592828,0.000000,1.700000,"[0.126572]",0.482228,0.592828,0.000000
291,291,NuianFemale,Nu_F_Twohand_Co_Skill_10_MO,2.166667,"[0.209792]",0.379711,0.437116,0.000000,2.166667,"[0.209792]",0.379711,0.437116,0.000000
292,292,NuianFemale,Nu_F_Twohand_Co_Skill_11_01_AN,2.500000,"[0.200000]",0.200000,0.700000,0.000000,2.500000,"[0.200000]",0.000000,0.700000,0.000000
293,293,NuianFemale,Nu_F_Twohand_Co_Skill_11_02_AN,2.066667,"[0.200000]",0.200000,0.700000,0.000000,2.066667,"[0.200000]",0.000000,0.700000,0.000000
294,294,NuianFemale,Nu_F_Twohand_Co_Skill_12_MO,2.233333,"[0.200000]",0.367649,0.623086,0.000000,2.233333,"[0.200000]",0.367649,0.623086,0.000000
295,295,NuianFemale,Nu_F_Staff_Co_Skill_10_MO,2.000000,"[0.200000]",0.333333,0.666667,0.000000,2.000000,"[0.200000]",0.333333,0.666667,0.000000
296,296,NuianFemale,Nu_F_Staff_Co_Skill_11_MO,5.000000,"[0.314070,0.555187,0.967766,1.326558,1.642895,2.020246,2.451979,2.778827]",3.003870,3.003870,0.000000,5.000000,"[0.314070,0.555187,0.967766,1.326558,1.642895,2.020246,2.451979,2.778827]",0.000000,3.003870,0.000000
297,297,NuianFemale,Nu_F_Staff_Co_Skill_11_Loop_MO,1.833333,,0.000000,1.833333,0.000000,1.833333,,0.000000,1.833333,0.000000
298,298,NuianFemale,Nu_F_Staff_Co_Skill_12_MO,1.933333,"[0.200000]",0.448789,0.769070,0.000000,1.933333,"[0.200000]",0.448789,0.769070,0.000000
299,299,NuianFemale,Nu_F_Staff_Co_Skill_13_MO,1.933333,"[1.124204]",1.188430,1.366667,0.000000,1.933333,"[1.124204]",1.188430,1.366667,0.000000
300,300,NuianFemale,Nu_F_Twohand_Co_Skill_13_MO,2.333333,"[0.200000]",0.296595,1.001729,0.000000,2.333333,"[0.200000]",0.296595,1.001729,0.000000
301,301,NuianFemale,Nu_F_Twohand_Co_Skill_14_MO,3.166667,"[0.200000,0.733333]",0.826709,1.000000,0.000000,3.166667,"[0.200000,0.733333]",0.826709,1.000000,0.000000
302,302,MobEperunun,mob_normal_attack_01,1.500000,"[0.826652]",0.000000,1.500000,0.000000,1.500000,"[0.826652]",0.000000,1.500000,0.000000
303,303,MobEperunun,mob_normal_attack_02,1.500000,"[0.972024]",0.000000,1.500000,0.000000,1.500000,"[0.972024]",0.000000,1.500000,0.000000
304,304,MobEperunun,mob_active_skill_01,1.766667,"[0.756739]",0.000000,1.766667,0.000000,1.766667,"[0.756739]",0.000000,1.766667,0.000000
305,305,MobEperunun,mob_active_skill_02,2.833333,"[1.035927,1.240337,1.511767]",0.000000,2.833333,0.000000,2.833333,"[1.035927,1.240337,1.511767]",0.000000,2.833333,0.000000
306,306,MobEperunun,mob_active_skill_03,2.500000,"[1.099596]",0.000000,2.500000,0.000000,2.500000,"[1.099596]",0.000000,2.500000,0.000000
307,307,MobEperunun,mob_active_skill_04,2.500000,"[1.042629,1.525171]",0.000000,2.500000,0.000000,2.500000,"[1.042629,1.525171]",0.000000,2.500000,0.000000
308,308,MobEperunun,mob_active_skill_05,5.833333,"[3.654924,4.450019]",0.000000,5.833333,2.224182,5.833333,"[3.654924,4.450019]",0.000000,5.833333,2.224182
309,309,MobEperunun,mob_active_skill_06,3.000000,"[1.775351]",0.000000,3.000000,0.952846,3.000000,"[1.775351]",0.000000,3.000000,0.952846
310,310,MobEperunun,mob_active_skill_07,6.833333,"[5.323209]",0.000000,6.833333,0.000000,6.833333,"[5.323209]",0.000000,6.833333,0.000000
311,311,MobEperunun,mob_active_skill_08,3.333333,"[0.898541]",0.000000,3.333333,0.889461,3.333333,"[0.898541]",0.000000,3.333333,0.889461
312,312,NuianFemale,Nu_F_Onehand_Co_Skill_01_MO,1.866667,"[0.200000]",0.303915,0.303915,0.000000,1.866667,"[0.200000]",0.000000,0.303915,0.000000
313,313,NuianFemale,Nu_F_Onehand_Co_Skill_02_MO,1.666667,"[0.200000]",0.269007,0.269007,0.000000,1.666667,"[0.200000]",0.000000,0.269007,0.000000
314,314,NuianFemale,Nu_F_Onehand_Co_Skill_03_MO,1.666667,"[0.200000]",0.435110,0.435110,0.000000,1.666667,"[0.200000]",0.000000,0.435110,0.000000
315,315,NuianFemale,Onehand_Co_Skill_04,1.100000,"[0.446369]",0.533541,0.533541,0.000000,1.100000,"[0.446369]",0.000000,0.533541,0.000000
316,316,NuianFemale,Nu_F_Dagger_Co_Skill_07_MO,1.666667,"[0.100000]",0.304074,0.304074,0.000000,1.666667,"[0.100000]",0.000000,0.304074,0.000000
317,317,NuianFemale,Nu_F_Fist_NPC_Priest_Pray_01,4.666667,"[0.200000,0.250000,4.666667]",4.666667,4.666667,0.000000,4.666667,"[0.200000,0.250000,4.666667]",0.000000,4.666667,0.000000
318,318,NuianFemale,Nu_F_Fist_NPC_Priest_Pray_02,8.000000,"[0.200000,0.250000,8.000000]",8.000000,8.000000,0.000000,8.000000,"[0.200000,0.250000,8.000000]",0.000000,8.000000,0.000000
319,319,NuianFemale,Nu_F_Fist_NPC_Priest_Pray_03,5.666667,"[0.200000,0.250000,5.666667]",5.666667,5.666667,0.000000,5.666667,"[0.200000,0.250000,5.666667]",0.000000,5.666667,0.000000
320,320,MobMorgaris,mob_normal_attack_01,3.200000,"[1.311799]",0.000000,3.200000,0.000000,3.200000,"[1.311799]",0.000000,3.200000,0.000000
321,321,MobMorgaris,mob_normal_attack_02,3.200000,"[0.898206]",0.000000,3.200000,0.000000,3.200000,"[0.898206]",0.000000,3.200000,0.000000
322,322,MobMorgaris,mob_normal_attack_03,3.833333,"[1.210488]",0.000000,3.833333,0.000000,3.833333,"[1.210488]",0.000000,3.833333,0.000000
323,323,MobMorgaris,mob_active_skill_01,6.333333,"[3.512347]",0.000000,6.333333,0.000000,6.333333,"[3.512347]",0.000000,6.333333,0.000000
324,324,MobMorgaris,mob_active_skill_02,4.000000,"[1.194000,1.384571,1.553090,1.730177]",0.000000,4.000000,0.000000,4.000000,"[1.194000,1.384571,1.553090,1.730177]",0.000000,4.000000,0.000000
325,325,MobMorgaris,mob_active_skill_03,6.333333,"[4.334903,4.500000,4.600000,4.700000,4.800000,4.900000,5.000000,5.100000,5.200000,5.300000,5.400000,5.500000,5.600000,5.700000,5.800000,5.900000,6.000000,6.100000,6.200000,6.300000]",0.000000,6.333333,0.000000,6.333333,"[4.334903,4.500000,4.600000,4.700000,4.800000,4.900000,5.000000,5.100000,5.200000,5.300000,5.400000,5.500000,5.600000,5.700000,5.800000,5.900000,6.000000,6.100000,6.200000,6.300000]",0.000000,6.333333,0.000000
326,326,MobMorgaris,mob_active_skill_04,4.000000,"[1.842237]",0.000000,4.000000,0.000000,4.000000,"[1.842237]",0.000000,4.000000,0.000000
327,327,MobMorgaris,mob_active_skill_05,5.333333,"[2.369532,2.869531,3.369531,3.869532,4.369531]",0.000000,5.333333,0.000000,5.333333,"[2.369532,2.869531,3.369531,3.869532,4.369531]",0.000000,5.333333,0.000000
328,328,MobMorgaris,mob_active_skill_06,4.666667,"[1.655541]",0.000000,4.666667,0.000000,4.666667,"[1.655541]",0.000000,4.666667,0.000000
329,329,MobMorgaris,mob_active_skill_07,5.833333,"[0.325116]",0.000000,5.833333,0.920974,5.833333,"[0.325116]",0.000000,5.833333,0.920974
330,330,NuianFemale,Bow_Co_Skill_14,2.333333,"[0.200000,0.200000]",0.889208,0.984738,0.000000,2.333333,"[0.200000,0.200000]",0.889208,0.984738,0.000000
331,331,MobBearMale,mob_normal_attack_01,1.458333,"[0.559952]",0.000000,1.458333,0.000000,1.458333,"[0.559952]",0.000000,1.458333,0.000000
332,332,MobBearMale,mob_normal_attack_02,1.458333,"[0.548035]",0.000000,1.458333,0.000000,1.458333,"[0.548035]",0.000000,1.458333,0.000000
333,333,MobBearMale,mob_normal_attack_03,1.458333,"[0.764530]",0.000000,1.458333,0.000000,1.458333,"[0.764530]",0.000000,1.458333,0.000000
334,334,MobBearFemale,mob_normal_attack_01,1.666667,"[0.678534]",0.000000,1.666667,0.000000,1.666667,"[0.678534]",0.000000,1.666667,0.000000
335,335,MobBearFemale,mob_normal_attack_02,1.666667,"[0.698964]",0.000000,1.666667,0.000000,1.666667,"[0.698964]",0.000000,1.666667,0.000000
336,336,MobBearFemale,mob_normal_attack_03,1.458333,"[0.808227]",0.000000,1.458333,0.000000,1.458333,"[0.808227]",0.000000,1.458333,0.000000
337,337,MobBearCub,mob_normal_attack_01,1.250000,"[0.468042]",0.000000,1.250000,0.000000,1.250000,"[0.468042]",0.000000,1.250000,0.000000
338,338,MobBearCub,mob_normal_attack_02,1.250000,"[0.464637]",0.000000,1.250000,0.000000,1.250000,"[0.464637]",0.000000,1.250000,0.000000
339,339,MobBearCub,mob_normal_attack_03,1.458333,"[0.748641]",0.000000,1.458333,0.000000,1.458333,"[0.748641]",0.000000,1.458333,0.000000
340,340,MobBoarMale,mob_active_skill_01,0.500000,"[0.288683]",0.000000,0.500000,0.123885,0.500000,"[0.288683]",0.000000,0.500000,0.123885
341,341,MobBoarFemale,mob_normal_attack_01,1.041667,"[0.567374]",0.000000,1.041667,0.000000,1.041667,"[0.567374]",0.000000,1.041667,0.000000
342,342,MobBoarFemale,mob_normal_attack_02,1.041667,"[0.462389]",0.000000,1.041667,0.000000,1.041667,"[0.462389]",0.000000,1.041667,0.000000
343,343,MobBoarFemale,mob_active_skill_01,0.500000,"[0.277787]",0.000000,0.500000,0.136824,0.500000,"[0.277787]",0.000000,0.500000,0.136824
344,344,MobBoarYoung,mob_normal_attack_01,1.041667,"[0.414153]",0.000000,1.041667,0.000000,1.041667,"[0.414153]",0.000000,1.041667,0.000000
345,345,MobBoarYoung,mob_normal_attack_02,1.041667,"[0.434015]",0.000000,1.041667,0.000000,1.041667,"[0.434015]",0.000000,1.041667,0.000000
346,346,MobBoarYoung,mob_normal_attack_03,1.041667,"[0.530487]",0.000000,1.041667,0.000000,1.041667,"[0.530487]",0.000000,1.041667,0.000000
347,347,MobWildBoar,mob_normal_attack_01,1.333333,"[0.675962]",0.000000,1.333333,0.000000,1.333333,"[0.675962]",0.000000,1.333333,0.000000
348,348,MobWildBoar,mob_active_skill_01,2.100000,"[0.738725]",0.000000,2.100000,0.000000,2.100000,"[0.738725]",0.000000,2.100000,0.000000
349,349,MobAngryBear,mob_normal_attack_01,3.233333,"[1.113787]",0.000000,3.233333,0.373969,3.233333,"[1.113787]",0.000000,3.233333,0.373969
350,350,MobAngryBear,mob_active_skill_01,3.300000,"[1.019895]",0.000000,3.300000,0.386174,3.300000,"[1.019895]",0.000000,3.300000,0.386174
351,351,MobSandSpiritSmall,mob_normal_attack_01,1.533333,"[0.396622]",0.000000,1.533333,0.000000,1.533333,"[0.396622]",0.000000,1.533333,0.000000
352,352,MobSandSpiritSmall,mob_active_skill_01,2.166667,"[1.242107]",0.000000,2.166667,0.000000,2.166667,"[1.242107]",0.000000,2.166667,0.000000
353,353,MobSandSpiritBig,mob_normal_attack_01,1.500000,"[0.496276]",0.000000,1.500000,0.000000,1.500000,"[0.496276]",0.000000,1.500000,0.000000
354,354,MobSandSpiritBig,mob_active_skill_01,1.500000,"[0.913037]",0.000000,1.500000,0.000000,1.500000,"[0.913037]",0.000000,1.500000,0.000000
355,355,MobSkeletonStaff,mob_heal_01,4.166667,"[1.610630]",0.000000,4.166667,0.000000,4.166667,"[1.610630]",0.000000,4.166667,0.000000
356,356,MobBloodhandStaff,mob_heal_01,1.166667,"[0.368020]",0.000000,1.166667,0.000000,1.166667,"[0.368020]",0.000000,1.166667,0.000000
357,357,MobDoodlingWarrior,mob_normal_attack_01,1.666667,"[0.610412]",0.000000,1.666667,0.000000,1.666667,"[0.610412]",0.000000,1.666667,0.000000
358,358,MobDoodlingWarrior,mob_normal_attack_02,1.166667,"[0.391032]",0.000000,1.166667,0.000000,1.166667,"[0.391032]",0.000000,1.166667,0.000000
359,359,MobDoodlingWarrior,mob_active_skill_01,2.500000,"[1.273005,1.469827,1.692546]",0.000000,2.500000,0.000000,2.500000,"[1.273005,1.469827,1.692546]",0.000000,2.500000,0.000000
360,360,MobDoodlingShaman,mob_normal_attack_01,1.500000,"[0.651925]",0.000000,1.500000,0.000000,1.500000,"[0.651925]",0.000000,1.500000,0.000000
361,361,MobDoodlingShaman,mob_active_skill_01,2.000000,"[0.641335]",0.000000,2.000000,0.000000,2.000000,"[0.641335]",0.000000,2.000000,0.000000
362,362,MobDoodlingScout,mob_normal_attack_01,1.333333,"[0.544272]",0.000000,1.333333,0.000000,1.333333,"[0.544272]",0.000000,1.333333,0.000000
363,363,MobDoodlingScout,mob_active_skill_01,1.333333,"[0.610442]",0.000000,1.333333,0.000000,1.333333,"[0.610442]",0.000000,1.333333,0.000000
364,364,MobDoodlingScout,mob_active_skill_02,1.233333,"[0.519419,0.729653]",0.000000,1.233333,0.000000,1.233333,"[0.519419,0.729653]",0.000000,1.233333,0.000000
365,365,NuianFemale,Bow_Co_Skill_15,2.000000,"[0.200000]",0.755748,0.984738,0.000000,2.000000,"[0.200000]",0.755748,0.984738,0.000000
366,366,NuianFemale,Bow_Co_Skill_16,2.033333,"[0.466667]",0.602741,1.000000,0.000000,2.033333,"[0.466667]",0.602741,1.000000,0.000000
367,367,NuianFemale,Bow_Co_Skill_17,2.933333,"[1.000000,1.000000]",1.315349,1.878179,0.000000,2.933333,"[1.000000,1.000000]",1.315349,1.878179,0.000000
368,368,MobBee,mob_normal_attack_01,1.833333,"[0.643154]",0.000000,1.833333,0.000000,1.833333,"[0.643154]",0.000000,1.833333,0.000000
369,369,MobBee,mob_active_skill_01,1.833333,"[0.647102]",0.000000,1.833333,0.000000,1.833333,"[0.647102]",0.000000,1.833333,0.000000
370,370,MobBee,mob_debuff_01,1.833333,"[0.647102]",0.000000,1.833333,0.000000,1.833333,"[0.647102]",0.000000,1.833333,0.000000
371,371,MobSpyder,mob_normal_attack_01,0.733333,"[0.298555,0.507299]",0.000000,0.733333,0.000000,0.733333,"[0.298555,0.507299]",0.000000,0.733333,0.000000
372,372,MobSpyder,mob_normal_attack_02,1.166667,"[0.487686]",0.000000,1.166667,0.000000,1.166667,"[0.487686]",0.000000,1.166667,0.000000
373,373,MobSpyder,mob_active_skill_01,1.000000,"[0.413930]",0.000000,1.000000,0.000000,1.000000,"[0.413930]",0.000000,1.000000,0.000000
374,374,MobSpyder,mob_debuff_01,1.000000,"[0.413930]",0.000000,1.000000,0.000000,1.000000,"[0.413930]",0.000000,1.000000,0.000000
375,375,NuianFemale,Nu_F_Dagger_Co_Skill_08_MO,1.866667,"[0.200000]",0.566667,0.566667,0.000000,1.866667,"[0.200000]",0.000000,0.566667,0.000000
376,376,MobNuianMale,mob_normal_attack_01_fist,1.000000,"[0.316927]",0.000000,1.000000,0.000000,1.000000,"[0.316927]",0.000000,1.000000,0.000000
377,377,MobNuianMale,mob_buff_01,2.133333,"[1.040369]",0.000000,2.133333,0.000000,2.133333,"[1.040369]",0.000000,2.133333,0.000000
378,378,MobBrokenCorpseScratcher,mob_normal_attack_01,2.700000,"[0.747277,1.294725]",0.000000,2.700000,0.672659,2.700000,"[0.747277,1.294725]",0.000000,2.700000,0.672659
379,379,MobBrokenCorpseScratcher,mob_normal_attack_02,3.166667,"[0.885113]",0.000000,3.166667,0.000000,3.166667,"[0.885113]",0.000000,3.166667,0.000000
380,380,MobBrokenCorpseScratcher,mob_active_skill_01,2.833333,"[0.768653]",0.000000,2.833333,0.000000,2.833333,"[0.768653]",0.000000,2.833333,0.000000
381,381,MobBrokenCorpseScratcher,mob_active_skill_02,3.000000,"[0.846748,0.846748]",0.000000,3.000000,0.000000,3.000000,"[0.846748,0.846748]",0.000000,3.000000,0.000000
382,382,MobBrokenCorpseScratcher,mob_active_skill_03,2.533333,"[1.252192]",0.000000,2.533333,0.000000,2.533333,"[1.252192]",0.000000,2.533333,0.000000
383,383,MobBrokenCorpseScratcher,mob_active_skill_04,3.933333,"[1.325725,1.681375,2.090911,2.468115]",0.000000,3.933333,0.000000,3.933333,"[1.325725,1.681375,2.090911,2.468115]",0.000000,3.933333,0.000000
384,384,MobBrokenCorpseWarrior,mob_normal_attack_01,2.466667,"[0.547525]",0.000000,2.466667,0.000000,2.466667,"[0.547525]",0.000000,2.466667,0.000000
385,385,MobBrokenCorpseWarrior,mob_normal_attack_02,2.500000,"[0.746723]",0.000000,2.500000,0.000000,2.500000,"[0.746723]",0.000000,2.500000,0.000000
386,386,MobBrokenCorpseWarrior,mob_active_skill_01,3.166667,"[1.102028]",0.000000,3.166667,1.082197,3.166667,"[1.102028]",0.000000,3.166667,1.082197
387,387,MobBrokenCorpseWarrior,mob_active_skill_02,3.266667,"[0.626644,1.172631]",0.000000,3.266667,0.000000,3.266667,"[0.626644,1.172631]",0.000000,3.266667,0.000000
388,388,MobBrokenCorpseWarrior,mob_debuff_01,1.700000,"[1.004676]",0.000000,1.700000,0.000000,1.700000,"[1.004676]",0.000000,1.700000,0.000000
389,389,NuianFemale,Nu_F_Staff_Co_Skill_04_1_MO,1.266667,"[0.000000]",0.253312,0.253312,0.000000,1.266667,"[0.000000]",0.000000,0.253312,0.000000
390,390,NuianFemale,Nu_F_Twohand_Co_Skill_07_MO_sim,1.700000,"[0.126572]",0.482228,0.592828,0.000000,1.700000,"[0.126572]",0.482228,0.592828,0.000000
391,391,MobBloodhandBoss,mob_active_skill_04,3.500000,"[1.706632]",0.000000,3.500000,0.000000,3.500000,"[1.706632]",0.000000,3.500000,0.000000
392,392,MobBloodhandBoss,mob_active_skill_05,3.366667,"[0.926253,1.399298]",0.000000,3.366667,0.000000,3.366667,"[0.926253,1.399298]",0.000000,3.366667,0.000000
393,393,MobBloodhandBoss,mob_buff_02,0.900000,"[0.348990]",0.000000,0.900000,0.000000,0.900000,"[0.348990]",0.000000,0.900000,0.000000
394,394,MobMorgaris,mob_active_skill_08,3.666667,"[1.235000,1.236282,1.736000,2.236000,2.736000]",0.000000,3.666667,0.000000,3.666667,"[1.235000,1.236282,1.736000,2.236000,2.736000]",0.000000,3.666667,0.000000
395,395,MobMorgaris,mob_active_skill_09,3.666667,"[1.642493]",0.000000,3.666667,0.763671,3.666667,"[1.642493]",0.000000,3.666667,0.763671
396,396,NuianFemale,All_Co_Buff_ArmorSkill_05,1.666667,"[0.400000]",0.468493,0.701826,0.000000,1.666667,"[0.400000]",0.468493,0.701826,0.000000
397,397,NuianFemale,All_Co_Buff_ArmorSkill_06,1.666667,"[0.622137]",0.686180,0.686180,0.000100,1.666667,"[0.622137]",0.000000,0.686180,0.000100
398,398,NuianFemale,All_Co_Buff_ArmorSkill_07,1.666667,"[0.225388]",0.293881,0.701826,0.000000,1.666667,"[0.225388]",0.293881,0.701826,0.000000
399,399,NuianFemale,All_Co_Buff_ArmorSkill_08,2.166667,"[0.000100]",0.917797,0.917797,0.000000,2.166667,"[0.000100]",0.000000,0.917797,0.000000
400,400,NuianFemale,All_Co_Buff_ArmorSkill_09,2.000000,"[0.200000]",0.499900,0.499900,0.000000,2.000000,"[0.200000]",0.000000,0.499900,0.000000
401,401,NuianFemale,Bow_Co_Skill_18,1.033333,"[0.000000]",0.244299,0.377182,0.000000,1.033333,"[0.000000]",0.244299,0.377182,0.000000
402,402,NuianFemale,Bow_Co_Skill_19,1.866667,"[0.219735]",0.375876,0.583433,0.000000,1.866667,"[0.219735]",0.375876,0.583433,0.000000
403,403,NuianFemale,Dagger_Co_Skill_09,1.866667,"[0.200000]",0.507327,1.100000,0.000000,1.866667,"[0.200000]",0.507327,1.100000,0.000000
404,404,NuianFemale,Dagger_Co_Skill_10,2.266667,"[0.200000]",0.335410,0.335410,0.099900,2.266667,"[0.200000]",0.000000,0.335410,0.099900
405,405,NuianFemale,Dagger_Co_Skill_11,2.566667,"[0.200000]",0.200000,1.100000,0.000000,2.566667,"[0.200000]",0.000000,1.100000,0.000000
406,406,NuianFemale,Dagger_Co_Skill_12,2.266667,"[0.200000]",0.664621,0.871089,0.000000,2.266667,"[0.200000]",0.664621,0.871089,0.000000
407,407,NuianFemale,Dagger_Co_Skill_13,3.066667,"[0.200000]",0.764453,0.764453,0.000000,3.066667,"[0.200000]",0.000000,0.764453,0.000000
408,408,NuianFemale,Onehand_Co_Skill_05,2.000000,"[0.200000]",0.266667,1.100000,0.000000,2.000000,"[0.200000]",0.266667,1.100000,0.000000
409,409,NuianFemale,Onehand_Co_Skill_06,1.333333,"[0.200000]",0.329513,0.499900,0.000000,1.333333,"[0.200000]",0.329513,0.499900,0.000000
410,410,NuianFemale,Onehand_Co_Skill_07,1.466667,"[0.200000]",0.390756,1.100000,0.000000,1.466667,"[0.200000]",0.390756,1.100000,0.000000
411,411,NuianFemale,Onehand_Co_Skill_08,1.333333,"[0.402004]",0.515263,0.899983,0.102327,1.333333,"[0.402004]",0.515263,0.899983,0.102327
412,412,NuianFemale,Onehand_Co_Skill_09,2.233333,"[0.200000]",0.466567,0.466567,0.000000,2.233333,"[0.200000]",0.000000,0.466567,0.000000
413,413,NuianFemale,Onehand_Co_Skill_10,1.966667,"[0.200000]",0.439666,0.570334,0.000000,1.966667,"[0.200000]",0.439666,0.570334,0.000000
414,414,NuianFemale,Onehand_Co_Skill_11,2.100000,"[0.200000,0.338949]",0.338949,0.570000,0.000000,2.100000,"[0.200000,0.338949]",0.000000,0.570000,0.000000
415,415,NuianFemale,Twohand_Co_Skill_15,2.766667,"[0.200000]",0.400000,1.100000,0.000000,2.766667,"[0.200000]",0.400000,1.100000,0.000000
416,416,NuianFemale,Twohand_Co_Skill_16,3.000000,"[0.200000]",0.442419,1.100000,0.000000,3.000000,"[0.200000]",0.442419,1.100000,0.000000
417,417,NuianFemale,Twohand_Co_Skill_17,2.700000,"[0.200000]",0.337416,0.456045,0.000100,2.700000,"[0.200000]",0.337416,0.456045,0.000100
418,418,NuianFemale,Twohand_Co_Skill_18,3.166667,"[1.010789]",1.179635,1.556313,0.000000,3.166667,"[1.010789]",1.179635,1.556313,0.000000
419,419,NuianFemale,Onehand_Co_Skill_12,1.200000,"[0.146105]",0.266567,0.499900,0.000000,1.200000,"[0.146105]",0.266567,0.499900,0.000000
420,420,NuianFemale,Onehand_Co_Skill_12_02,1.166667,"[0.200000]",0.266567,0.499900,0.000000,1.166667,"[0.200000]",0.266567,0.499900,0.000000
421,421,NuianFemale,Bow_Co_Skill_14_02,2.300000,"[0.200000]",0.509256,0.984738,0.000000,2.300000,"[0.200000]",0.509256,0.984738,0.000000
422,422,NuianFemale,Twohand_Co_Skill_15_02,3.133333,"[0.200000]",0.500000,1.100000,0.000000,3.133333,"[0.200000]",0.500000,1.100000,0.000000
423,423,NuianFemale,All_Co_Lasso_MO,0.900000,"[0.000000]",0.416280,0.899883,0.000000,0.900000,"[0.000000]",0.416280,0.899883,0.000000
